{"cameraMode":{"drawMode":0,"name":"Shaded","section":"Shading Mode"},"sceneLighting":false,"audioPlay":false,"sceneViewState":{"showFog":true,"showMaterialUpdate":false,"showSkybox":true,"showFlares":true,"showImageEffects":true,"showParticleSystems":true},"in2DMode":false,"pivot":{"x":-0.9899998903274536,"y":-0.38000011444091799,"z":6.0},"rotation":{"x":-0.0349152535200119,"y":0.7614707350730896,"z":-0.041159361600875857,"w":-0.6459482908248901},"size":13.104314804077149,"orthographic":false}