{"cameraMode":{"drawMode":0,"name":"Shaded","section":"Shading Mode"},"sceneLighting":false,"audioPlay":false,"sceneViewState":{"showFog":true,"showMaterialUpdate":false,"showSkybox":true,"showFlares":true,"showImageEffects":true,"showParticleSystems":true},"in2DMode":false,"pivot":{"x":-12.680000305175782,"y":-2.3306455612182619,"z":-2.0399999618530275},"rotation":{"x":0.0669313296675682,"y":-0.3110232353210449,"z":0.021963808685541154,"w":0.9477881789207459},"size":2.8578836917877199,"orthographic":false}