{"cameraMode":{"drawMode":0,"name":"Shaded","section":"Shading Mode"},"sceneLighting":true,"audioPlay":false,"sceneViewState":{"showFog":true,"showMaterialUpdate":false,"showSkybox":true,"showFlares":true,"showImageEffects":true,"showParticleSystems":true},"in2DMode":false,"pivot":{"x":4.6181640625,"y":1.1943359375,"z":8.513671875},"rotation":{"x":0.026964984834194185,"y":0.04886092245578766,"z":0.0013188368175178767,"w":-0.998440682888031},"size":2.9793896675109865,"orthographic":true}