{"cameraMode":{"drawMode":0,"name":"Shaded","section":"Shading Mode"},"sceneLighting":true,"audioPlay":false,"sceneViewState":{"showFog":true,"showMaterialUpdate":false,"showSkybox":true,"showFlares":true,"showImageEffects":true,"showParticleSystems":true},"in2DMode":false,"pivot":{"x":-4.64453125,"y":1.2935791015625,"z":9.673095703125},"rotation":{"x":0.05026058107614517,"y":-0.6247678995132446,"z":0.04035366699099541,"w":0.7781455516815186},"size":10.789222717285157,"orthographic":true}