{"cameraMode":{"drawMode":0,"name":"Shaded","section":"Shading Mode"},"sceneLighting":false,"audioPlay":false,"sceneViewState":{"showFog":true,"showMaterialUpdate":false,"showSkybox":true,"showFlares":true,"showImageEffects":true,"showParticleSystems":true},"in2DMode":false,"pivot":{"x":14.6899995803833,"y":-2.3306455612182619,"z":-2.0399999618530275},"rotation":{"x":0.04936496540904045,"y":-0.5349223017692566,"z":0.03132893890142441,"w":0.8428759574890137},"size":0.8573647737503052,"orthographic":false}