{"cameraMode":{"drawMode":0,"name":"Shaded","section":"Shading Mode"},"sceneLighting":false,"audioPlay":false,"sceneViewState":{"showFog":true,"showMaterialUpdate":false,"showSkybox":true,"showFlares":true,"showImageEffects":true,"showParticleSystems":true},"in2DMode":false,"pivot":{"x":4.099999904632568,"y":-0.1899999976158142,"z":6.380000114440918},"rotation":{"x":0.14291007816791535,"y":-0.7033356428146362,"z":0.1477062851190567,"w":0.6804987788200378},"size":1.5099937915802003,"orthographic":false}