{"cameraMode":{"drawMode":0,"name":"Shaded","section":"Shading Mode"},"sceneLighting":true,"audioPlay":false,"sceneViewState":{"showFog":true,"showMaterialUpdate":false,"showSkybox":true,"showFlares":true,"showImageEffects":true,"showParticleSystems":true},"in2DMode":false,"pivot":{"x":3.677476167678833,"y":-0.361538827419281,"z":6.929296016693115},"rotation":{"x":-0.058099593967199329,"y":0.7844461798667908,"z":-0.07435225695371628,"w":-0.6129766702651978},"size":3.6236801147460939,"orthographic":false}