{"cameraMode":{"drawMode":0,"name":"Shaded","section":"Shading Mode"},"sceneLighting":true,"audioPlay":false,"sceneViewState":{"showFog":true,"showMaterialUpdate":false,"showSkybox":true,"showFlares":true,"showImageEffects":true,"showParticleSystems":true},"in2DMode":false,"pivot":{"x":-5.9140625,"y":2.16973876953125,"z":13.2017822265625},"rotation":{"x":0.00596652552485466,"y":-0.9930697083473206,"z":0.05816112086176872,"w":0.10195240378379822},"size":42.00249099731445,"orthographic":true}